{
  "__type__": "cc.AnimationClip",
  "_name": "kettlehasenergy",
  "_objFlags": 0,
  "_native": "",
  "_duration": 1.5333333333333334,
  "sample": 60,
  "speed": 1,
  "wrapMode": 1,
  "curveData": {
    "props": {
      "position": [
        {
          "frame": 0,
          "value": [
            0,
            94
          ]
        },
        {
          "frame": 1.5,
          "value": [
            234,
            -456
          ]
        },
        {
          "frame": 1.5166666666666666,
          "value": [
            234,
            -456
          ]
        },
        {
          "frame": 1.5333333333333334,
          "value": [
            0,
            94
          ]
        }
      ],
      "scale": [
        {
          "frame": 0,
          "value": {
            "__type__": "cc.Vec2",
            "x": 1,
            "y": 1
          }
        },
        {
          "frame": 1.5,
          "value": {
            "__type__": "cc.Vec2",
            "x": 0,
            "y": 0
          }
        },
        {
          "frame": 1.5166666666666666,
          "value": {
            "__type__": "cc.Vec2",
            "x": 0,
            "y": 0
          }
        },
        {
          "frame": 1.5333333333333334,
          "value": {
            "__type__": "cc.Vec2",
            "x": 1,
            "y": 1
          }
        }
      ],
      "opacity": [
        {
          "frame": 1.5,
          "value": 255
        },
        {
          "frame": 1.5166666666666666,
          "value": 0
        },
        {
          "frame": 1.5333333333333334,
          "value": 255
        }
      ]
    }
  },
  "events": [
    {
      "frame": 1.5,
      "func": "hidehasenergy",
      "params": []
    }
  ]
}