{
  "__type__": "cc.AnimationClip",
  "_name": "floattopbot",
  "_objFlags": 0,
  "_native": "",
  "_duration": 1,
  "sample": 60,
  "speed": 1,
  "wrapMode": "2",
  "curveData": {
    "props": {
      "y": [
        {
          "frame": 0,
          "value": 0
        },
        {
          "frame": 0.23333333333333334,
          "value": 9
        },
        {
          "frame": 0.75,
          "value": -9
        },
        {
          "frame": 1,
          "value": 0
        }
      ]
    }
  },
  "events": []
}