{
  "version": "1.1.1",
  "windows": {
    "main": {
      "main": true,
      "url": "app://editor/index.html",
      "windowType": "dockable",
      "x": 609,
      "y": 0,
      "width": 1318,
      "height": 1047,
      "layout": {
        "children": [
          {
            "children": [
              {
                "active": 0,
                "children": [
                  "hierarchy"
                ],
                "height": 499,
                "type": "panel",
                "width": 264
              },
              {
                "active": 0,
                "children": [
                  "assets"
                ],
                "height": 427,
                "type": "panel",
                "width": 264
              }
            ],
            "height": 928,
            "type": "dock-v",
            "width": 264
          },
          {
            "children": [
              {
                "active": 0,
                "children": [
                  "scene"
                ],
                "height": 465,
                "type": "panel",
                "width": 651
              },
              {
                "active": 1,
                "children": [
                  "console",
                  "timeline"
                ],
                "height": 461,
                "type": "panel",
                "width": 651
              }
            ],
            "height": 928,
            "type": "dock-v",
            "width": 651
          },
          {
            "active": 0,
            "children": [
              "inspector",
              "cocos-services"
            ],
            "height": 928,
            "type": "panel",
            "width": 383
          }
        ],
        "type": "dock-h"
      },
      "panels": [
        "hierarchy",
        "assets",
        "console",
        "timeline",
        "inspector",
        "cocos-services",
        "scene"
      ]
    },
    "window-1562323680701": {}
  },
  "panels": {
    "node-library": {
      "x": 517,
      "y": 413,
      "width": 316,
      "height": 519
    },
    "sprite-editor": {
      "x": 579,
      "y": 284,
      "width": 571,
      "height": 720
    },
    "project-settings": {
      "x": 662,
      "y": 240,
      "width": 600,
      "height": 565
    },
    "preferences": {
      "x": 662,
      "y": 240,
      "width": 600,
      "height": 565
    },
    "builder": {
      "x": 679,
      "y": 203,
      "width": 670,
      "height": 739
    }
  }
}