{
  "__type__": "cc.AnimationClip",
  "_name": "scale109",
  "_objFlags": 0,
  "_native": "",
  "_duration": 0.3333333333333333,
  "sample": 60,
  "speed": 1,
  "wrapMode": 1,
  "curveData": {
    "props": {
      "scale": [
        {
          "frame": 0,
          "value": {
            "__type__": "cc.Vec2",
            "x": 1,
            "y": 1
          }
        },
        {
          "frame": 0.16666666666666666,
          "value": {
            "__type__": "cc.Vec2",
            "x": 0.8,
            "y": 0.8
          }
        },
        {
          "frame": 0.3333333333333333,
          "value": {
            "__type__": "cc.Vec2",
            "x": 1,
            "y": 1
          }
        }
      ]
    }
  },
  "events": []
}