{
  "__type__": "cc.AnimationClip",
  "_name": "processanim",
  "_objFlags": 0,
  "_native": "",
  "_duration": 2.0166666666666666,
  "sample": 60,
  "speed": 1,
  "wrapMode": "1",
  "curveData": {
    "paths": {
      "leftcloud": {
        "props": {
          "x": [
            {
              "frame": 0,
              "value": -78.5
            },
            {
              "frame": 2,
              "value": -671
            }
          ],
          "opacity": [
            {
              "frame": 2,
              "value": 255
            },
            {
              "frame": 2.0166666666666666,
              "value": 0
            }
          ]
        }
      },
      "rightcloud": {
        "props": {
          "x": [
            {
              "frame": 0,
              "value": 57
            },
            {
              "frame": 2,
              "value": 693
            }
          ],
          "opacity": [
            {
              "frame": 2,
              "value": 255
            },
            {
              "frame": 2.0166666666666666,
              "value": 0
            }
          ]
        }
      }
    }
  },
  "events": []
}