{
  "__type__": "cc.AnimationClip",
  "_name": "grassgroup",
  "_objFlags": 0,
  "_native": "",
  "_duration": 5.5,
  "sample": 60,
  "speed": 1,
  "wrapMode": "2",
  "curveData": {
    "paths": {
      "leaves2": {
        "props": {
          "rotation": [
            {
              "frame": 0,
              "value": 1
            },
            {
              "frame": 1.3833333333333333,
              "value": -1
            },
            {
              "frame": 2.75,
              "value": 1
            },
            {
              "frame": 4.133333333333334,
              "value": -1
            },
            {
              "frame": 5.5,
              "value": 1
            }
          ]
        }
      },
      "leaves1": {
        "props": {
          "rotation": [
            {
              "frame": 0,
              "value": -1
            },
            {
              "frame": 1.3833333333333333,
              "value": 1
            },
            {
              "frame": 2.75,
              "value": -1
            },
            {
              "frame": 4.133333333333334,
              "value": 1
            },
            {
              "frame": 5.5,
              "value": -1
            }
          ]
        }
      },
      "leaves4": {
        "props": {
          "rotation": [
            {
              "frame": 0,
              "value": 1
            },
            {
              "frame": 1.3833333333333333,
              "value": -0.6
            },
            {
              "frame": 2.75,
              "value": 1
            },
            {
              "frame": 4.133333333333334,
              "value": -0.6
            },
            {
              "frame": 5.5,
              "value": 1
            }
          ]
        }
      },
      "leaves3": {
        "props": {
          "rotation": [
            {
              "frame": 0,
              "value": 1
            },
            {
              "frame": 0.9166666666666666,
              "value": -0.7
            },
            {
              "frame": 1.8333333333333333,
              "value": 1
            },
            {
              "frame": 2.75,
              "value": -0.7
            },
            {
              "frame": 3.6666666666666665,
              "value": 1
            },
            {
              "frame": 4.583333333333333,
              "value": -0.7
            },
            {
              "frame": 5.5,
              "value": 1
            }
          ]
        }
      },
      "leaves5": {
        "props": {
          "rotation": [
            {
              "frame": 2,
              "value": 0
            },
            {
              "frame": 3.4,
              "value": 2
            },
            {
              "frame": 4.8,
              "value": -2
            },
            {
              "frame": 5.5,
              "value": 0
            }
          ],
          "scaleX": [
            {
              "frame": 0,
              "value": 1
            },
            {
              "frame": 1,
              "value": 1.1
            },
            {
              "frame": 2,
              "value": 1
            }
          ],
          "scaleY": [
            {
              "frame": 0,
              "value": 1
            },
            {
              "frame": 1,
              "value": 1.1
            },
            {
              "frame": 2,
              "value": 1
            }
          ]
        }
      }
    }
  },
  "events": []
}