{
  "__type__": "cc.AnimationClip",
  "_name": "cloudpatrol",
  "_objFlags": 0,
  "_native": "",
  "_duration": 1030,
  "sample": 3,
  "speed": 3,
  "wrapMode": "2",
  "curveData": {
    "props": {
      "x": [
        {
          "frame": 0,
          "value": -221
        },
        {
          "frame": 120,
          "value": 500
        },
        {
          "frame": 261.6666666666667,
          "value": -350
        },
        {
          "frame": 262,
          "value": -350
        },
        {
          "frame": 265,
          "value": -221
        },
        {
          "frame": 265.3333333333333,
          "value": -221
        },
        {
          "frame": 385,
          "value": 500
        },
        {
          "frame": 526,
          "value": -350
        },
        {
          "frame": 526.3333333333334,
          "value": -350
        },
        {
          "frame": 530,
          "value": 226
        },
        {
          "frame": 530.3333333333334,
          "value": 226
        },
        {
          "frame": 626,
          "value": -350
        },
        {
          "frame": 761,
          "value": 500
        },
        {
          "frame": 761.3333333333334,
          "value": 500
        },
        {
          "frame": 765,
          "value": -221
        },
        {
          "frame": 765.3333333333334,
          "value": -221
        },
        {
          "frame": 885,
          "value": 500
        },
        {
          "frame": 1026,
          "value": -350
        },
        {
          "frame": 1030,
          "value": -350
        }
      ],
      "opacity": [
        {
          "frame": 261.6666666666667,
          "value": 255
        },
        {
          "frame": 262,
          "value": 0
        },
        {
          "frame": 265,
          "value": 0
        },
        {
          "frame": 265.3333333333333,
          "value": 255
        },
        {
          "frame": 526,
          "value": 255
        },
        {
          "frame": 526.3333333333334,
          "value": 0
        },
        {
          "frame": 530,
          "value": 0
        },
        {
          "frame": 530.3333333333334,
          "value": 255
        },
        {
          "frame": 761,
          "value": 255
        },
        {
          "frame": 761.3333333333334,
          "value": 0
        },
        {
          "frame": 765,
          "value": 0
        },
        {
          "frame": 765.3333333333334,
          "value": 255
        }
      ]
    }
  },
  "events": []
}